"0",""
"0","knitr::opts_chunk$set(echo = FALSE, warning = FALSE, message = FALSE)"
"0",""
"0","library(vitae)"
"2","G3;
Attaching package: ‘vitae’

g"
"2","G3;The following object is masked from ‘package:stats’:

    filter

g"
"0","library(tibble)"
"0","library(dplyr)"
"2","G3;
Attaching package: ‘dplyr’

g"
"2","G3;The following objects are masked from ‘package:stats’:

    filter, lag

g"
"2","G3;The following objects are masked from ‘package:base’:

    intersect, setdiff, setequal, union

g"
