"0","knitr::include_graphics
"
"1","function (path, auto_pdf = getOption(""knitr.graphics.auto_pdf"", 
"
"1","    FALSE), dpi = NULL, rel_path = getOption(""knitr.graphics.rel_path"", 
"
"1","    TRUE), error = getOption(""knitr.graphics.error"", TRUE)) 
"
"1","{
"
"1","    path = native_encode(path)
"
"1","    if (any(i <- xfun::is_abs_path(path)) && rel_path && !is.null(d <- opts_knit$get(""output.dir""))) {
"
"1","        path[i] = xfun::relative_path(path[i], d, error = FALSE)
"
"1","        if (any(j <- xfun::is_abs_path(path[i]))) 
"
"1","            warning(""It is highly recommended to use relative paths for images. "", 
"
"1","                ""You had absolute paths: "", quote_vec(path[i][j]))
"
"1","    }
"
"1","    path = path.expand(path)
"
"1","    if (auto_pdf && is_latex_output()) {
"
"1","        path2 = with_ext(path, ""pdf"")
"
"1","        i = file.exists(path2)
"
"1","        path[i] = path2[i]
"
"1","    }
"
"1","    if (child_mode()) 
"
"1","        error = FALSE
"
"1","    if (error && length(p <- path[!xfun::is_web_path(path) & 
"
"1","        !file.exists(path)])) 
"
"1","        stop(""Cannot find the file(s): "", quote_vec(p))
"
"1","    structure(path, class = c(""knit_image_paths"", ""knit_asis""), 
"
"1","        dpi = dpi)
"
"1","}
"
"1","<bytecode: 0x7fd48674c320>
"
"1","<environment: namespace:knitr>
"
